full_date,date,weekday,time,mood,activities,note_title,note
2021-10-31,31. okt.,søndag,20.00,depressed,movies | Sleep,"",""
2021-10-30,30. okt.,lørdag,20.00,fint,friends | shopping | games,"",""
2021-10-29,29. okt.,fredag,20.00,fint,friends | family | Crochet | audiobook,"",""
2021-10-28,28. okt.,torsdag,23.25,depressed,study | movies | shopping | Crochet,"",""
2021-10-27,27. okt.,onsdag,21.34,depressed,relax | good meal | Sleep | audiobook,"",""
2021-10-26,26. okt.,tirsdag,22.00,depressed,study | Sleep | Phone | Crochet,"",""
2021-10-25,25. okt.,mandag,22.21,depressed,good meal | Sleep | Phone | Crochet,"",""
2021-10-24,24. okt.,søndag,22.27,middel,travel | good meal | Sleep | Phone | Crochet,"",""
2021-10-23,23. okt.,lørdag,20.48,fint,good meal | family | walk | Crochet,"",""
2021-10-22,22. okt.,fredag,22.47,fint,friends | movies | good meal | Crochet,"",""
2021-10-21,21. okt.,torsdag,22.36,fint,friends | movies | shopping | good meal | Phone,"",""
2021-10-20,20. okt.,onsdag,23.00,depressed,relax | movies | good meal | Sleep | Phone,"",""
2021-10-19,19. okt.,tirsdag,23.02,fint,movies | shopping | good meal | family | games,"",""
2021-10-18,18. okt.,mandag,22.59,depressed,friends | movies | Phone | walk,"",""
2021-10-17,17. okt.,søndag,20.00,depressed,relax | movies | Sleep | audiobook,"",""
2021-10-16,16. okt.,lørdag,20.00,depressed,relax | cry | Phone,"",""
2021-10-15,15. okt.,fredag,20.00,depressed,relax | Sleep | Phone,"",""
2021-10-14,14. okt.,torsdag,20.00,fint,study | good meal | family,"",""
2021-10-13,13. okt.,onsdag,20.00,depressed,relax | movies | family,"",""
2021-10-12,12. okt.,tirsdag,21.26,depressed,relax | good meal | Sleep | Crochet | audiobook,"",""
2021-10-11,11. okt.,mandag,21.53,depressed,study | relax | audiobook,"",""
2021-10-10,10. okt.,søndag,22.05,fint,relax | Sleep | Phone,"",""
2021-10-09,9. okt.,lørdag,20.00,fint,party | family,"",""
2021-10-08,8. okt.,fredag,23.49,fint,movies | cleaning | Phone | Crochet,"",""
2021-10-07,7. okt.,torsdag,20.00,fint,relax | movies | Sleep | Phone | Crochet,"",""
2021-10-06,6. okt.,onsdag,20.00,swings,relax | movies | good meal | Sleep | Phone | Crochet,"",""
2021-10-05,5. okt.,tirsdag,21.52,fint,relax | friends | good meal | Sleep | Phone,"",""
2021-10-04,4. okt.,mandag,20.00,sick,relax | Sleep | Phone,"",""
2021-10-03,3. okt.,søndag,22.05,depressed,relax | travel | good meal | Sleep,"",""
2021-10-02,2. okt.,lørdag,21.16,fint,good meal | family | Sleep | games,"",""
2021-10-01,1. okt.,fredag,21.53,depressed,study | movies | travel | family | Sleep | Phone,"",""
2021-09-30,30. sep.,torsdag,20.00,swings,movies | good meal | cleaning | family,"",""
2021-09-29,29. sep.,onsdag,23.29,sick,Sleep | Phone,"",""
2021-09-28,28. sep.,tirsdag,22.07,depressed,study | relax | good meal | Phone | Crochet,"",""
2021-09-27,27. sep.,mandag,20.00,fint,study | relax | good meal | family | Phone,"",""
2021-09-26,26. sep.,søndag,20.00,depressed,relax | travel | family | games,"",""
2021-09-25,25. sep.,lørdag,00.40,fint,relax | drawing | Phone | walk,"",""
2021-09-24,24. sep.,fredag,20.00,fint,friends | party | family,"",""
2021-09-23,23. sep.,torsdag,21.16,middel,study | travel | family | Sleep,"",""
2021-09-22,22. sep.,onsdag,21.58,middel,travel | family | Sleep | Phone,"",""
2021-09-21,21. sep.,tirsdag,21.46,depressed,movies | bike | Sleep | cry | Phone,"",""
2021-09-20,20. sep.,mandag,21.49,sick,good meal | Sleep | Phone,"",""
2021-09-19,19. sep.,søndag,20.00,sick,movies | travel | family | Sleep | Phone,"",""
2021-09-18,18. sep.,lørdag,20.00,fint,good meal | family | Phone,"",""
2021-09-17,17. sep.,fredag,20.42,sick,travel | Sleep | Phone | walk,"",""
2021-09-16,16. sep.,torsdag,21.51,depressed,relax | friends | good meal | Sleep,"",""
2021-09-15,15. sep.,onsdag,20.00,depressed,Sleep | cry,"",""
2021-09-14,14. sep.,tirsdag,23.22,depressed,study | relax | friends | good meal | Sleep | cry | Phone,"",""
2021-09-13,13. sep.,mandag,20.00,depressed,study | movies | Sleep | Phone,"",""
2021-09-12,12. sep.,søndag,20.00,sick,good meal | Sleep,"",""
2021-09-11,11. sep.,lørdag,20.00,fint,movies | shopping | good meal | family | games,"",""
2021-09-10,10. sep.,fredag,22.38,depressed,study | friends | good meal | family | games | Phone,"",""
2021-09-09,9. sep.,torsdag,22.12,depressed,study | relax | Sleep | Phone,"",""
2021-09-08,8. sep.,onsdag,21.49,fint,study | relax | friends | Phone,"",""
2021-09-07,7. sep.,tirsdag,20.00,fint,study | friends | movies | Sleep,"",""
2021-09-06,6. sep.,mandag,20.00,depressed,study | friends | Sleep | Phone,"",""
2021-09-05,5. sep.,søndag,20.15,depressed,study | movies | Sleep | cry,"",""
2021-09-04,4. sep.,lørdag,21.23,fint,friends | shopping | good meal,"",""
2021-09-03,3. sep.,fredag,20.17,depressed,study | travel | Sleep | Phone,"",""
2021-09-02,2. sep.,torsdag,22.09,depressed,study | relax | Sleep | Phone,"",""
2021-09-01,1. sep.,onsdag,20.50,sick,Sleep | cry,"",""
2021-08-31,31. aug.,tirsdag,20.00,sick,Sleep | cry,"",""
2021-08-30,30. aug.,mandag,21.32,sick,study | good meal | family | Sleep | Phone,"",""
2021-08-29,29. aug.,søndag,21.41,depressed,study | relax | movies | Sleep | cry | Phone,"",""
2021-08-28,28. aug.,lørdag,20.00,depressed,relax | friends | movies | Phone,"",""
2021-08-27,27. aug.,fredag,22.15,depressed,relax | movies | travel | Phone,"",""
2021-08-26,26. aug.,torsdag,20.46,fint,relax | good meal | Sleep | Phone,"",""
2021-08-25,25. aug.,onsdag,20.00,fint,relax | travel | Sleep | Phone,"",""
2021-08-24,24. aug.,tirsdag,20.00,fint,relax | friends | family | Sleep | games | Phone,"",""
2021-08-23,23. aug.,mandag,21.53,sick,relax | good meal | family | Sleep,"",""
2021-08-22,22. aug.,søndag,20.55,sick,relax | travel | Sleep,"",""
2021-08-21,21. aug.,lørdag,20.00,sick,Sleep | cry,"",""
2021-08-20,20. aug.,fredag,23.37,fint,friends | movies | shopping | good meal | Sleep | Phone,"",""
2021-08-19,19. aug.,torsdag,20.00,fint,friends | party | games | Phone,"",""
2021-08-18,18. aug.,onsdag,20.00,fint,friends | good meal | cleaning | games | Phone,"",""
2021-08-17,17. aug.,tirsdag,21.07,swings,movies | good meal | Phone,"",""
2021-08-16,16. aug.,mandag,20.00,fint,travel | cleaning | family | Sleep | games | Phone,"",""
2021-08-15,15. aug.,søndag,20.00,fint,relax | date | good meal | games,"",""
2021-08-14,14. aug.,lørdag,22.41,fint,relax | date | good meal | Sleep | games | Phone,"",""
2021-08-13,13. aug.,fredag,20.00,fint,date | travel | good meal | games | Phone,"",""
2021-08-12,12. aug.,torsdag,22.58,fint,travel | good meal | family | Sleep | Phone,"",""
2021-08-11,11. aug.,onsdag,20.00,depressed,relax | friends | movies | good meal,"",""
2021-08-10,10. aug.,tirsdag,20.00,depressed,relax | movies | Sleep,"",""
2021-08-09,9. aug.,mandag,20.00,fint,friends | games | Phone | walk,"",""
2021-08-08,8. aug.,søndag,22.38,fint,relax | friends | movies | Sleep,"",""
2021-08-07,7. aug.,lørdag,20.00,fedt,friends | party | movies | cleaning,"",""
2021-08-06,6. aug.,fredag,22.35,fint,friends | movies | shopping | Phone,"",""
2021-08-05,5. aug.,torsdag,22.11,fint,movies | shopping | good meal | family | games | Phone,"",""
2021-08-04,4. aug.,onsdag,20.00,depressed,cleaning | Sleep | Phone,"",""
2021-08-03,3. aug.,tirsdag,20.56,swings,movies | shopping | good meal | Sleep | Phone,"",""
2021-08-02,2. aug.,mandag,21.51,depressed,relax | movies | cleaning | Sleep | Phone,"",""
2021-08-01,1. aug.,søndag,20.00,fint,relax | movies | Sleep | Phone,"",""
2021-07-31,31. jul.,lørdag,20.00,depressed,relax | movies | Phone,"",""
2021-07-30,30. jul.,fredag,20.00,fint,movies | travel | good meal | Phone | walk,"",""
2021-07-29,29. jul.,torsdag,20.00,fint,relax | friends | family | Sleep | games,"",""
2021-07-28,28. jul.,onsdag,20.00,swings,relax | travel | family | Sleep,"",""
2021-07-27,27. jul.,tirsdag,20.00,fint,travel | family | Phone,"",""
2021-07-26,26. jul.,mandag,21.18,fint,cleaning | family | Phone,"",""
2021-07-25,25. jul.,søndag,20.48,fint,relax | movies | good meal | family | Phone | walk,"",""
2021-07-24,24. jul.,lørdag,20.00,fint,travel | family | games,"",""
2021-07-23,23. jul.,fredag,22.04,fint,friends | family | Sleep | games | Phone | walk,"",""
2021-07-22,22. jul.,torsdag,20.00,fint,relax | movies | Phone | walk | Crochet,"",""
2021-07-21,21. jul.,onsdag,20.00,fint,relax | travel | family | games | Phone,"",""
2021-07-20,20. jul.,tirsdag,20.00,fint,movies | cleaning | Sleep | Phone | Crochet,"",""
2021-07-19,19. jul.,mandag,20.00,swings,relax | movies | Sleep | Phone | Crochet,"",""
2021-07-18,18. jul.,søndag,23.14,swings,relax | movies | Sleep | Phone | Crochet,"",""
2021-07-17,17. jul.,lørdag,23.47,sick,movies | Sleep | Phone,"",""
2021-07-16,16. jul.,fredag,21.42,sick,movies | Sleep | Phone,"",""
2021-07-15,15. jul.,torsdag,20.27,sick,relax | Sleep | Phone,"",""
2021-07-14,14. jul.,onsdag,21.58,sick,relax | Sleep | Phone,"",""
2021-07-13,13. jul.,tirsdag,20.00,sick,Sleep | cry | Phone,"",""
2021-07-12,12. jul.,mandag,21.02,sick,Sleep | Phone,"",""
2021-07-11,11. jul.,søndag,20.00,sick,relax | travel | Sleep | cry,"",""
2021-07-10,10. jul.,lørdag,20.00,fint,relax | party | good meal | games | Crochet,"",""
2021-07-09,9. jul.,fredag,20.00,depressed,relax | good meal | family | Phone,"",""
2021-07-08,8. jul.,torsdag,20.00,fint,relax | friends | Sleep | Phone,"",""
2021-07-07,7. jul.,onsdag,20.00,fint,relax | friends | party,"",""
2021-07-06,6. jul.,tirsdag,20.00,swings,relax | good meal | Sleep | games | cry | Phone,"",""
2021-07-05,5. jul.,mandag,22.48,depressed,relax | friends | shopping | cry,"",""
2021-07-04,4. jul.,søndag,20.00,swings,relax | friends | movies,"",""
2021-07-03,3. jul.,lørdag,20.00,fint,movies | good meal | family | games | Just Dance,"",""
2021-07-02,2. jul.,fredag,23.47,fint,relax | friends | party | travel | family | Phone | Crochet,"",""
2021-07-01,1. jul.,torsdag,20.00,fint,friends | party | Phone,"",""
2021-06-30,30. jun.,onsdag,23.41,swings,relax | friends | movies | shopping | Phone,"",""
2021-06-29,29. jun.,tirsdag,20.28,depressed,relax | movies | Sleep | Phone | Crochet,"",""
2021-06-28,28. jun.,mandag,21.43,depressed,relax | friends | Sleep | Phone,"",""
2021-06-27,27. jun.,søndag,20.00,middel,movies | travel | family,"",""
2021-06-26,26. jun.,lørdag,21.42,fint,good meal | family,"",""
2021-06-25,25. jun.,fredag,21.41,fint,friends | party | travel | family | Sleep,"",""
2021-06-24,24. jun.,torsdag,21.40,middel,friends | good meal | bike | Phone,"",""
2021-06-23,23. jun.,onsdag,21.40,fint,travel | Sleep | Crochet,"",""
2021-06-22,22. jun.,tirsdag,21.39,fint,travel | good meal | family,"",""
2021-06-21,21. jun.,mandag,21.39,fint,relax | friends | shopping | Sleep,"",""
2021-06-20,20. jun.,søndag,21.38,middel,relax | movies | Sleep,"",""
2021-06-19,19. jun.,lørdag,21.36,fint,relax | friends,"",""
2021-06-18,18. jun.,fredag,21.35,fint,friends | party,"",""
2021-06-17,17. jun.,torsdag,20.00,fint,friends | movies | good meal | Phone | Crochet,"",""
2021-06-16,16. jun.,onsdag,18.42,fint,friends | movies | shopping | family | Sleep | Phone,"",""
2021-06-15,15. jun.,tirsdag,14.21,fint,cleaning | family | Phone,"",""
2021-06-14,14. jun.,mandag,20.00,swings,friends | cleaning | bike | walk,"",""
2021-06-13,13. jun.,søndag,16.53,fint,relax | movies | travel,"",""
2021-06-12,12. jun.,lørdag,20.00,fint,relax | movies | shopping | good meal | family | games | Phone,"",""
2021-06-11,11. jun.,fredag,20.51,fint,movies | shopping | travel | good meal | family,"",""
2021-06-10,10. jun.,torsdag,20.47,fint,relax | friends | good meal | Sleep | Phone,"",""
2021-06-09,9. jun.,onsdag,20.00,swings,relax | friends | cleaning | Sleep | Phone | Crochet,"",""
2021-06-08,8. jun.,tirsdag,12.15,fint,relax | Sleep | Phone | walk,"",""
2021-06-07,7. jun.,mandag,20.30,fint,relax | movies | shopping | bike | Phone,"",""
2021-06-06,6. jun.,søndag,20.00,fint,friends | movies | Sleep | Phone,"",""
2021-06-05,5. jun.,lørdag,20.57,swings,relax | movies | cleaning | Sleep,"",""
2021-06-04,4. jun.,fredag,10.16,swings,relax | friends | Phone,"",""
2021-06-03,3. jun.,torsdag,23.59,fint,movies | reading | shopping | travel,"",""
2021-06-02,2. jun.,onsdag,20.28,fint,movies | family | Sleep | games,"",""
2021-06-01,1. jun.,tirsdag,22.21,fint,cleaning | family | games | Phone,"",""
2021-05-31,31. maj,mandag,12.32,fint,friends | travel | Phone | Crochet,"",""
2021-05-30,30. maj,søndag,22.22,depressed,relax | movies | Sleep | Crochet,"",""
2021-05-29,29. maj,lørdag,20.49,swings,relax | Sleep | drawing | Phone | walk | Crochet,"",""
2021-05-28,28. maj,fredag,20.48,fint,relax | friends | party | Sleep,"",""
2021-05-27,27. maj,torsdag,21.05,swings,study | Sleep,"",""
2021-05-26,26. maj,onsdag,20.00,depressed,study | relax | Sleep | Crochet,"",""
2021-05-25,25. maj,tirsdag,21.52,fint,study | relax | Sleep | Phone | Crochet,"",""
2021-05-24,24. maj,mandag,15.16,fint,study | movies | Sleep | Phone | Crochet,"",""
2021-05-23,23. maj,søndag,20.13,fint,study | movies | Sleep,"",""
2021-05-22,22. maj,lørdag,15.12,swings,study | movies | Phone,"",""
2021-05-21,21. maj,fredag,12.26,fint,relax | party | Sleep | Crochet,"",""
2021-05-20,20. maj,torsdag,21.57,fint,study | relax | good meal | Phone | Crochet,"",""
2021-05-19,19. maj,onsdag,18.12,fint,study | Phone,"",""
2021-05-18,18. maj,tirsdag,12.41,depressed,study | movies | Sleep,"",""
2021-05-17,17. maj,mandag,20.00,fint,study | friends | movies | Sleep | Phone,"",""
2021-05-16,16. maj,søndag,10.17,middel,study | relax | movies | Sleep | Phone | Crochet,"",""
2021-05-15,15. maj,lørdag,14.43,depressed,study | Sleep | cry | Phone | Crochet,"",""
2021-05-14,14. maj,fredag,20.10,swings,study | Sleep | Phone | Crochet,"",""
2021-05-13,13. maj,torsdag,20.00,depressed,study | movies | cry | Phone | Crochet,"",""
2021-05-12,12. maj,onsdag,20.00,depressed,study | relax | Sleep,"",""
2021-05-11,11. maj,tirsdag,20.00,depressed,movies | travel | family | Phone,"",""
2021-05-10,10. maj,mandag,22.46,stressed,study | movies | shopping | cleaning | family | Sleep | Phone | Crochet,"",""
2021-05-09,9. maj,søndag,20.36,fint,friends | movies | bike | Phone | Crochet,"",""
2021-05-08,8. maj,lørdag,23.28,swings,relax | friends | Sleep,"",""
2021-05-07,7. maj,fredag,20.00,depressed,relax | Phone | Clean,"",""
2021-05-06,6. maj,torsdag,22.17,depressed,study | relax | movies | cry | Phone | Clean | Crochet,"",""
2021-05-05,5. maj,onsdag,21.38,depressed,study | Phone | Clean | Crochet,"",""
2021-05-04,4. maj,tirsdag,09.18,depressed,friends | movies | travel | Sleep | Phone,"",""
2021-05-03,3. maj,mandag,13.03,depressed,study | movies | Sleep | Phone | Crochet,"",""
2021-05-02,2. maj,søndag,23.58,depressed,movies | Sleep | Phone | Crochet,"",""
2021-05-01,1. maj,lørdag,23.58,depressed,relax | movies | travel | family | Phone | Crochet,"",""
2021-04-30,30. apr.,fredag,18.36,swings,reading | good meal | family | games | walk,"",""
2021-04-29,29. apr.,torsdag,23.10,swings,relax | movies | reading | travel | games | Phone,"",""
2021-04-28,28. apr.,onsdag,20.02,swings,study | Sleep | Phone,"",""
2021-04-27,27. apr.,tirsdag,22.54,depressed,study | shopping | good meal | Sleep | walk,"",""
2021-04-26,26. apr.,mandag,22.40,depressed,movies | shopping | Sleep | Phone,"",""
2021-04-25,25. apr.,søndag,20.40,depressed,relax | movies | Sleep | Phone,"",""
2021-04-24,24. apr.,lørdag,16.42,swings,family | Sleep | cry | Phone,"",""
2021-04-23,23. apr.,fredag,16.41,depressed,relax | family | Sleep | games,"",""
2021-04-22,22. apr.,torsdag,12.55,swings,study | friends | cleaning | Phone,"",""
2021-04-21,21. apr.,onsdag,22.19,depressed,study | reading | shopping | Sleep | Phone | walk,"",""
2021-04-20,20. apr.,tirsdag,20.00,swings,study | friends | movies | Sleep | Phone,"",""
2021-04-19,19. apr.,mandag,23.07,fint,study | relax | shopping | Sleep | drawing | Phone,"",""
2021-04-18,18. apr.,søndag,13.12,fint,friends | movies | reading,"",""
2021-04-17,17. apr.,lørdag,11.10,fint,movies | good meal | cleaning | family,"",""
2021-04-16,16. apr.,fredag,12.33,swings,study | movies | reading | good meal,"",""
2021-04-15,15. apr.,torsdag,12.57,swings,friends | cleaning | walk,"",""
2021-04-14,14. apr.,onsdag,11.49,swings,study | relax | family | games | Phone | walk,"",""
2021-04-13,13. apr.,tirsdag,21.27,depressed,study | shopping | Sleep | Phone | walk | Crochet,"",""
2021-04-12,12. apr.,mandag,20.06,depressed,study | relax | movies | Sleep | Phone | Crochet,"",""
2021-04-11,11. apr.,søndag,20.00,fint,relax | friends | movies | travel | games,"",""
2021-04-10,10. apr.,lørdag,20.00,fint,friends | party | games | walk,"",""
2021-04-09,9. apr.,fredag,23.12,fint,study | friends | party | travel | good meal | games | Phone,"",""
2021-04-08,8. apr.,torsdag,11.56,swings,study | date | movies | good meal | Sleep | Phone | walk,"",""
2021-04-07,7. apr.,onsdag,22.06,depressed,relax | movies | reading | walk,"",""
2021-04-06,6. apr.,tirsdag,09.20,swings,relax | movies | Sleep | Phone,"",""
2021-04-05,5. apr.,mandag,09.20,depressed,travel | family | Phone,"",""
2021-04-04,4. apr.,søndag,20.00,swings,relax | movies | family | walk | Crochet,"",""
2021-04-03,3. apr.,lørdag,23.17,fint,relax | movies | reading | good meal | family | Phone | Crochet,"",""
2021-04-02,2. apr.,fredag,22.38,depressed,reading | travel | good meal | family | games | Phone | walk,"",""
2021-04-01,1. apr.,torsdag,09.51,middel,movies | reading | good meal | family | games | Phone,"",""
2021-03-31,31. mar.,onsdag,16.45,depressed,relax | reading | travel | good meal | Phone,"",""
2021-03-30,30. mar.,tirsdag,16.45,fint,travel | family | Phone,"",""
2021-03-29,29. mar.,mandag,23.40,depressed,relax | movies | family | games | Phone | walk | Crochet,"",""
2021-03-28,28. mar.,søndag,23.12,swings,relax | movies | good meal | family,"",""
2021-03-27,27. mar.,lørdag,19.09,middel,travel | good meal | family,"",""
2021-03-26,26. mar.,fredag,22.59,depressed,study | travel | Phone,"",""
2021-03-25,25. mar.,torsdag,22.04,depressed,study | relax | movies | Sleep | cry | Phone,"",""
2021-03-24,24. mar.,onsdag,21.59,swings,study | relax | movies | good meal | Crochet,"",""
2021-03-23,23. mar.,tirsdag,20.00,swings,study | movies | Phone,"",""
2021-03-22,22. mar.,mandag,20.00,depressed,study | relax | movies | Sleep | Phone | Crochet,"",""
2021-03-21,21. mar.,søndag,20.00,depressed,relax | movies | Phone | Crochet,"",""
2021-03-20,20. mar.,lørdag,16.05,swings,relax | friends | good meal | Just Dance,"",""
2021-03-19,19. mar.,fredag,16.31,fint,friends | date | movies | Phone,"",""
2021-03-18,18. mar.,torsdag,18.20,swings,relax | good meal | family | Sleep,"",""
2021-03-17,17. mar.,onsdag,11.41,depressed,relax | friends | Sleep | Phone,"",""
2021-03-16,16. mar.,tirsdag,20.00,depressed,study | Sleep | Phone | Clean,"",""
2021-03-15,15. mar.,mandag,20.00,forfærdeligt,study | Sleep | cry | Phone | walk,"",""
2021-03-14,14. mar.,søndag,20.08,forfærdeligt,study | good meal | Sleep | cry,"",""
2021-03-13,13. mar.,lørdag,20.00,fint,relax | friends | travel | good meal | Sleep | Just Dance,"",""
2021-03-12,12. mar.,fredag,20.00,depressed,movies | shopping | games | Phone,"",""
2021-03-11,11. mar.,torsdag,22.05,swings,relax | travel | good meal | cleaning | family | Crochet | Just Dance,"",""
2021-03-10,10. mar.,onsdag,20.00,swings,study | movies | Sleep | Clean | Crochet,"",""
2021-03-09,9. mar.,tirsdag,20.07,depressed,study | relax | movies | good meal | Sleep | Phone | Crochet,"",""
2021-03-08,8. mar.,mandag,20.00,depressed,study | relax | movies | Sleep | Phone | Crochet,"",""
2021-03-07,7. mar.,søndag,10.09,middel,relax | friends | travel | Sleep,"",""
2021-03-06,6. mar.,lørdag,20.00,fint,relax | friends | party,"",""
2021-03-05,5. mar.,fredag,12.38,fint,study | friends | travel,"",""
2021-03-04,4. mar.,torsdag,12.53,depressed,study | relax | Sleep | Crochet,"",""
2021-03-03,3. mar.,onsdag,20.00,depressed,relax | movies | travel | Crochet,"",""
2021-03-02,2. mar.,tirsdag,09.30,swings,study | Sleep | games | walk,"",""
2021-03-01,1. mar.,mandag,22.25,fint,study | movies | good meal | family | games | Phone | Crochet,"",""
2021-02-28,28. feb.,søndag,22.13,depressed,study | relax | travel | family | games | cry,"",""
2021-02-27,27. feb.,lørdag,15.37,swings,relax | friends | movies | Sleep | Phone,"",""
2021-02-26,26. feb.,fredag,15.36,fint,study | relax | friends | movies | Phone,"",""
2021-02-25,25. feb.,torsdag,21.51,depressed,study | Sleep | Phone | Crochet,"",""
2021-02-24,24. feb.,onsdag,13.09,depressed,study | relax | cleaning | family | Crochet,"",""
2021-02-23,23. feb.,tirsdag,21.47,depressed,study | relax | Sleep,"",""
2021-02-22,22. feb.,mandag,09.23,depressed,study | Sleep | walk,"",""
2021-02-21,21. feb.,søndag,21.30,swings,study | Phone | walk | Crochet,"",""
2021-02-20,20. feb.,lørdag,17.30,fint,study | family | Phone,"",""
2021-02-19,19. feb.,fredag,20.00,depressed,relax | friends | movies | Crochet,"",""
2021-02-18,18. feb.,torsdag,21.07,depressed,study | movies | Sleep | Phone,"",""
2021-02-17,17. feb.,onsdag,20.01,swings,movies | travel | cleaning | family | Sleep | Phone | walk | Crochet,"",""
2021-02-16,16. feb.,tirsdag,23.41,depressed,relax | movies | family | Sleep | Phone,"",""
2021-02-15,15. feb.,mandag,23.03,fint,study | movies | family | Sleep | Phone | Crochet,"",""
2021-02-14,14. feb.,søndag,00.49,swings,relax | movies | travel | Crochet,"",""
2021-02-13,13. feb.,lørdag,08.33,depressed,relax | movies | cry | Phone | Crochet,"",""
2021-02-12,12. feb.,fredag,14.54,swings,relax | movies | drawing | Phone | Crochet,"",""
2021-02-11,11. feb.,torsdag,16.37,swings,relax | movies | walk | Crochet,"",""
2021-02-10,10. feb.,onsdag,21.37,middel,relax | friends | Phone | walk | Crochet,"",""
2021-02-09,9. feb.,tirsdag,12.03,depressed,study | movies | good meal | Crochet,"",""
2021-02-08,8. feb.,mandag,11.03,forfærdeligt,study | movies | cry | Crochet,"",""
2021-02-07,7. feb.,søndag,12.27,fint,relax | travel | good meal | family,"",""
2021-02-06,6. feb.,lørdag,20.00,swings,study | good meal | family | Sleep | Phone | Crochet,"",""
2021-02-05,5. feb.,fredag,21.02,fint,relax | travel | family | Crochet,"",""
2021-02-04,4. feb.,torsdag,12.25,swings,study | movies | Sleep | Crochet,"",""
2021-02-03,3. feb.,onsdag,20.00,swings,study | movies | Crochet,"",""
2021-02-02,2. feb.,tirsdag,21.38,depressed,study | movies | Sleep | Phone | Crochet,"",""
2021-02-01,1. feb.,mandag,10.16,depressed,relax | cry | walk | Crochet,"",""
2021-01-31,31. jan.,søndag,22.24,depressed,movies | travel | family | games | cry | Crochet,"",""
2021-01-30,30. jan.,lørdag,00.53,fint,relax | good meal | family | games | Crochet,"",""
2021-01-29,29. jan.,fredag,20.00,fint,relax | good meal | family | drawing | Crochet,"",""
2021-01-28,28. jan.,torsdag,22.34,fint,relax | movies | travel | family | Crochet,"",""
2021-01-27,27. jan.,onsdag,20.00,sick,Sleep | cry,"",""
2021-01-26,26. jan.,tirsdag,20.00,fint,relax | friends | Phone,"",""
2021-01-25,25. jan.,mandag,09.20,fint,relax | friends | movies,"",""
2021-01-24,24. jan.,søndag,23.03,swings,relax | shopping | Phone | Crochet,"",""
2021-01-23,23. jan.,lørdag,10.31,depressed,relax | movies | Sleep | cry | Phone | Crochet,"",""
2021-01-22,22. jan.,fredag,20.00,fint,relax | movies | Sleep | Phone | Crochet,"",""
2021-01-21,21. jan.,torsdag,12.58,swings,friends | cleaning | cry | Phone | Crochet,"",""
2021-01-20,20. jan.,onsdag,21.21,swings,relax | cleaning | cry | Phone | walk | Crochet,"",""
2021-01-19,19. jan.,tirsdag,20.00,forfærdeligt,relax | movies | Sleep | cry | Phone | walk | Crochet,"",""
2021-01-18,18. jan.,mandag,21.34,depressed,relax | shopping | Sleep | Phone | walk,"",""
2021-01-17,17. jan.,søndag,09.06,fint,relax | movies | travel | Sleep | Phone,"",""
2021-01-16,16. jan.,lørdag,22.12,fint,relax | movies | good meal | family | Sleep | Phone | Crochet,"",""
2021-01-15,15. jan.,fredag,19.00,fint,relax | movies | family | Sleep | Crochet,"",""
2021-01-14,14. jan.,torsdag,20.00,fint,relax | movies | good meal | family | Phone | Crochet,"",""
2021-01-13,13. jan.,onsdag,22.11,fint,relax | movies | good meal | family | Sleep | Phone | Crochet,"",""
2021-01-12,12. jan.,tirsdag,23.29,fint,relax | movies | shopping | good meal | family | Sleep | Phone | Crochet,"",""
2021-01-11,11. jan.,mandag,23.16,fint,movies | travel | family | Crochet,"",""
2021-01-10,10. jan.,søndag,23.14,middel,travel | family | games,"",""
2021-01-09,9. jan.,lørdag,12.54,fint,relax | movies | travel | games,"",""
2021-01-08,8. jan.,fredag,22.16,depressed,relax | movies | Crochet,"",""
2021-01-07,7. jan.,torsdag,23.35,depressed,movies | travel | family | Sleep | Phone | Crochet,"",""
2021-01-06,6. jan.,onsdag,20.00,fint,study | relax | movies | good meal | Phone | walk | Crochet,"",""
2021-01-05,5. jan.,tirsdag,13.12,depressed,study | cry,"",""
2021-01-04,4. jan.,mandag,20.14,depressed,study | Sleep | cry | Phone | walk,"",""
2021-01-03,3. jan.,søndag,21.02,depressed,study | Sleep | Phone,"",""
2021-01-02,2. jan.,lørdag,21.01,depressed,study | movies | cry,"",""
2021-01-01,1. jan.,fredag,20.00,depressed,relax | movies | family | Sleep,"",""
2020-12-31,31. dec.,torsdag,02.35,fint,relax | party | movies | good meal | family | Phone | Crochet,"",""
2020-12-30,30. dec.,onsdag,22.31,swings,relax | movies | travel | family | Crochet,"",""
2020-12-29,29. dec.,tirsdag,11.59,fint,study | relax | family | Crochet,"",""
2020-12-28,28. dec.,mandag,20.16,middel,study | relax | movies | travel | family | Crochet,"",""
2020-12-27,27. dec.,søndag,11.59,middel,relax | travel | good meal | family,"",""
2020-12-26,26. dec.,lørdag,11.21,swings,relax | movies | family | Phone | Crochet,"",""
2020-12-25,25. dec.,fredag,20.54,swings,relax | good meal | Phone | walk | Crochet,"",""
2020-12-24,24. dec.,torsdag,10.28,fint,relax | movies | good meal | family,"",""
2020-12-23,23. dec.,onsdag,10.34,fint,study | relax | cleaning | family | Crochet,"",""
2020-12-22,22. dec.,tirsdag,23.35,middel,study | movies | family | Phone | Crochet,"",""
2020-12-21,21. dec.,mandag,20.00,fint,study | relax | date | movies | family | Phone | Crochet,"",""
2020-12-20,20. dec.,søndag,09.00,fint,study | movies | family | Phone | Crochet,"",""
2020-12-19,19. dec.,lørdag,00.54,fint,travel | good meal | family | Sleep | Crochet,"",""
2020-12-18,18. dec.,fredag,23.34,fint,study | movies | family | Sleep | Phone | Crochet,"",""
2020-12-17,17. dec.,torsdag,10.41,fint,study | date | movies | travel | family | Crochet,"",""
2020-12-16,16. dec.,onsdag,00.12,swings,study | movies | Phone | Crochet,"",""
2020-12-15,15. dec.,tirsdag,00.09,fint,study | movies | good meal | family | Crochet,"",""
2020-12-14,14. dec.,mandag,23.07,depressed,movies | family | Sleep | Phone | Crochet,"",""
2020-12-13,13. dec.,søndag,01.32,fint,study | movies | family | Phone | Crochet,"",""
2020-12-12,12. dec.,lørdag,23.00,middel,study | movies | Sleep | Phone | Crochet,"",""
2020-12-11,11. dec.,fredag,23.55,depressed,study | movies | shopping | family | Phone | Crochet,"",""
2020-12-10,10. dec.,torsdag,23.21,middel,study | movies | Phone | Crochet,"",""
2020-12-09,9. dec.,onsdag,00.20,fint,study | movies | family | Phone | Clean,"",""
2020-12-08,8. dec.,tirsdag,00.27,fint,study | movies | family | Sleep | Phone | Crochet,"",""
2020-12-07,7. dec.,mandag,23.56,middel,study | movies | travel | good meal | Sleep | Phone | Crochet,"",""
2020-12-06,6. dec.,søndag,20.19,fint,study | friends | movies | travel | family | Sleep | Phone,"",""
2020-12-05,5. dec.,lørdag,23.23,fint,study | movies | good meal | family | Phone | Crochet,"",""
2020-12-04,4. dec.,fredag,22.30,middel,study | movies | shopping | family | Crochet,"",""
2020-12-03,3. dec.,torsdag,20.01,middel,study | relax | movies | Sleep | Phone | Crochet,"",""
2020-12-02,2. dec.,onsdag,23.29,depressed,study | relax | travel | Phone | Crochet,"",""
2020-12-01,1. dec.,tirsdag,23.35,depressed,relax | travel | Phone,"",""
2020-11-30,30. nov.,mandag,14.21,depressed,study | relax | movies | Sleep | Phone,"",""
2020-11-29,29. nov.,søndag,20.00,depressed,relax | movies | travel | Phone,"",""
2020-11-28,28. nov.,lørdag,14.58,fint,study | party | movies | family | Phone | Crochet,"",""
2020-11-27,27. nov.,fredag,07.14,depressed,study | family | Crochet,"",""
2020-11-26,26. nov.,torsdag,10.24,depressed,study | movies | family | Phone | Crochet,"",""
2020-11-25,25. nov.,onsdag,21.57,depressed,study | relax | date | family | Sleep | Phone,"",""
2020-11-24,24. nov.,tirsdag,23.01,depressed,travel | family | bike | Sleep | Phone,"",""
2020-11-23,23. nov.,mandag,14.44,depressed,Sleep | cry | Phone | Crochet,"",""
2020-11-22,22. nov.,søndag,22.00,depressed,relax | travel | family | cry | Phone | Crochet,"",""
2020-11-21,21. nov.,lørdag,21.31,depressed,relax | movies | good meal | family | Phone | walk | Crochet,"",""
2020-11-20,20. nov.,fredag,10.15,depressed,study | relax | movies | family | Crochet,"",""
2020-11-19,19. nov.,torsdag,21.37,depressed,relax | family | Phone | walk | Crochet,"",""
2020-11-18,18. nov.,onsdag,20.24,depressed,study | relax | family | Phone | Crochet,"",""
2020-11-17,17. nov.,tirsdag,20.00,depressed,study | relax | family | Phone | Crochet,"",""
2020-11-16,16. nov.,mandag,20.10,depressed,relax | movies | family | Phone | Crochet,"",""
2020-11-15,15. nov.,søndag,21.49,depressed,relax | movies | family | Phone | Crochet,"",""
2020-11-14,14. nov.,lørdag,11.46,depressed,movies | family | Phone | Crochet,"",""
2020-11-13,13. nov.,fredag,00.14,middel,study | movies | Sleep | games | Crochet,"",""
2020-11-12,12. nov.,torsdag,23.03,depressed,study | movies | family | Sleep | Phone | Crochet,"",""
2020-11-11,11. nov.,onsdag,20.00,depressed,movies | travel | family | Crochet,"",""
2020-11-10,10. nov.,tirsdag,12.41,depressed,study | movies | Sleep | cry | Crochet,"",""
2020-11-09,9. nov.,mandag,14.47,middel,relax | Sleep | Phone | Crochet,"",""
2020-11-08,8. nov.,søndag,21.51,depressed,relax | friends | movies | Sleep | Crochet,"",""
2020-11-07,7. nov.,lørdag,22.20,depressed,relax | movies | Sleep | Phone | walk | Crochet,"",""
2020-11-06,6. nov.,fredag,23.30,swings,movies | shopping | Sleep | Phone | Crochet,"",""
2020-11-05,5. nov.,torsdag,21.20,swings,bike | Sleep | games | Phone | Crochet,"",""
2020-11-04,4. nov.,onsdag,21.53,depressed,study | relax | friends | movies | Phone | Crochet,"",""
2020-11-03,3. nov.,tirsdag,20.08,depressed,study | friends | movies | good meal | walk | Crochet,"",""
2020-11-02,2. nov.,mandag,23.51,depressed,study | relax | movies | Phone | walk,"",""
2020-11-01,1. nov.,søndag,20.00,depressed,relax | movies | Sleep | Phone,"",""
2020-10-31,31. okt.,lørdag,10.25,swings,relax | friends | movies | cleaning | Phone | walk,"",""
2020-10-30,30. okt.,fredag,21.09,depressed,relax | movies | cry | Phone | walk,"",""
2020-10-29,29. okt.,torsdag,21.44,depressed,study | relax | cry | Phone,"",""
2020-10-28,28. okt.,onsdag,20.59,depressed,study | relax | movies | Sleep | Phone | walk,"",""
2020-10-27,27. okt.,tirsdag,20.11,depressed,study | relax | Sleep | cry | Phone | walk,"",""
2020-10-26,26. okt.,mandag,12.07,depressed,movies | Sleep | cry | Phone | walk,"",""
2020-10-25,25. okt.,søndag,21.17,fint,relax | movies | travel | family | Phone,"",""
2020-10-24,24. okt.,lørdag,13.10,fint,travel | good meal | family | games | Phone,"",""
2020-10-23,23. okt.,fredag,23.23,middel,study | movies | travel | family | games | Phone,"",""
2020-10-22,22. okt.,torsdag,23.15,depressed,study | relax | Phone | walk,"",""
2020-10-21,21. okt.,onsdag,22.23,sick,Sleep | cry | Phone | walk,"",""
2020-10-20,20. okt.,tirsdag,12.26,depressed,study | relax | Sleep | Phone,"",""
2020-10-19,19. okt.,mandag,22.15,depressed,relax | movies | good meal | Sleep | cry | Phone,"",""
2020-10-18,18. okt.,søndag,20.00,swings,travel | family | Phone,"",""
2020-10-17,17. okt.,lørdag,21.28,swings,travel | family | Phone,"",""
2020-10-16,16. okt.,fredag,21.26,depressed,study | family | Sleep | games | Phone,"",""
2020-10-15,15. okt.,torsdag,23.54,depressed,study | good meal | family | games | Phone,"",""
2020-10-14,14. okt.,onsdag,22.24,depressed,study | family | Sleep | cry | Phone,"",""
2020-10-13,13. okt.,tirsdag,22.09,depressed,gaming | travel | good meal | family | Sleep | games | walk,"",""
2020-10-12,12. okt.,mandag,22.05,depressed,movies | Sleep | Phone,"",""
2020-10-11,11. okt.,søndag,21.31,swings,relax | friends | cleaning | family,"",""
2020-10-10,10. okt.,lørdag,22.50,swings,relax | shopping | family | Sleep | Phone,"",""
2020-10-09,9. okt.,fredag,20.00,fint,friends | movies | good meal | family | games | walk,"",""
2020-10-08,8. okt.,torsdag,21.46,depressed,relax | movies | good meal | family | Sleep | walk,"",""
2020-10-07,7. okt.,onsdag,20.07,depressed,relax | good meal | family | Sleep | walk,"",""
2020-10-06,6. okt.,tirsdag,20.00,depressed,study | Sleep | Phone | Clean,"",""
2020-10-05,5. okt.,mandag,22.55,middel,study | Sleep | Phone | Clean,"",""
2020-10-04,4. okt.,søndag,20.26,depressed,relax | family | Sleep | Phone,"",""
2020-10-03,3. okt.,lørdag,20.38,depressed,relax | movies | shopping | Sleep | Phone,"",""
2020-10-02,2. okt.,fredag,14.16,fint,relax | friends | date | games | Phone,"",""
2020-10-01,1. okt.,torsdag,20.07,middel,relax | friends | movies | cleaning | Sleep | Phone,"",""
2020-09-30,30. sep.,onsdag,21.59,anxious,relax | friends | movies | bike | Sleep | cry | Phone,"",""
2020-09-29,29. sep.,tirsdag,09.34,depressed,study | relax | Sleep | Phone,"",""
2020-09-28,28. sep.,mandag,21.57,depressed,study | movies | bike | Phone,"",""
2020-09-27,27. sep.,søndag,10.23,depressed,relax | movies | cleaning | Phone,"",""
2020-09-26,26. sep.,lørdag,22.53,fedt,relax | date | movies | shopping | cleaning | family | walk,"",""
2020-09-25,25. sep.,fredag,09.25,swings,relax | friends | movies | good meal | Sleep | Phone,"",""
2020-09-24,24. sep.,torsdag,20.04,depressed,relax | friends | movies | Sleep,"",""
2020-09-23,23. sep.,onsdag,13.41,depressed,relax | movies | Sleep | Phone,"",""
2020-09-22,22. sep.,tirsdag,22.07,middel,relax | movies | good meal | bike | Sleep | Phone,"",""
2020-09-21,21. sep.,mandag,21.56,depressed,movies | bike | Sleep | cry | Phone,"",""
2020-09-20,20. sep.,søndag,07.39,depressed,relax | movies | cleaning | Sleep | Phone,"",""
2020-09-19,19. sep.,lørdag,20.11,fint,relax | friends | movies | Sleep | games,"",""
2020-09-18,18. sep.,fredag,12.49,fint,friends | movies | good meal | cleaning | Phone,"",""
2020-09-17,17. sep.,torsdag,12.54,fint,study | movies | Sleep | Phone,"",""
2020-09-16,16. sep.,onsdag,20.00,sick,study | relax | movies | Phone,"",""
2020-09-15,15. sep.,tirsdag,12.21,swings,study | relax | cleaning | bike,"",""
2020-09-14,14. sep.,mandag,20.50,fint,study | relax | movies | Phone,"",""
2020-09-13,13. sep.,søndag,20.19,fint,relax | movies | shopping | good meal | Sleep,"",""
2020-09-12,12. sep.,lørdag,20.07,sick,Sleep,"",""
2020-09-11,11. sep.,fredag,22.03,fint,study | friends | good meal | bike | Sleep | Phone | walk,"",""
2020-09-10,10. sep.,torsdag,20.55,swings,relax | friends | good meal | Sleep | Phone | walk,"",""
2020-09-09,9. sep.,onsdag,22.07,depressed,study | relax | friends | good meal | bike | Sleep | cry | Phone,"",""
2020-09-08,8. sep.,tirsdag,20.19,swings,study | movies | shopping | good meal | cleaning | Sleep | Phone | walk,"",""
2020-09-07,7. sep.,mandag,20.00,depressed,study | good meal | cleaning | walk,"",""
2020-09-06,6. sep.,søndag,22.13,fint,shopping | cleaning | Phone | walk,"",""
2020-09-05,5. sep.,lørdag,20.03,middel,cleaning | family | bike,"",""
2020-09-04,4. sep.,fredag,20.00,swings,date | cleaning | bike | Sleep | Phone | walk,"",""
2020-09-03,3. sep.,torsdag,20.04,middel,relax | good meal | cleaning | Sleep | Phone | walk,"",""
2020-09-02,2. sep.,onsdag,20.01,fint,relax | date | good meal | Sleep | Phone | walk,"",""
2020-09-01,1. sep.,tirsdag,20.13,fint,relax | friends | Sleep | Phone,"",""
2020-08-31,31. aug.,mandag,20.45,swings,relax | reading | shopping | cleaning | Sleep | Phone | walk,"",""
2020-08-30,30. aug.,søndag,20.29,fint,relax | friends | date | shopping | Phone,"",""
2020-08-29,29. aug.,lørdag,20.00,swings,relax | date | travel | family | walk,"",""
2020-08-28,28. aug.,fredag,20.00,swings,relax | shopping | good meal | family | games,"",""
2020-08-27,27. aug.,torsdag,20.00,fint,relax | good meal | family | Sleep | games | Phone,"",""
2020-08-26,26. aug.,onsdag,00.41,fint,relax | good meal | family | games | Phone,"",""
2020-08-25,25. aug.,tirsdag,20.31,fint,relax | date | travel | family | bike | Phone | walk,"",""
2020-08-24,24. aug.,mandag,20.00,fint,relax | date | shopping | Phone | walk,"",""
2020-08-23,23. aug.,søndag,20.28,fint,relax | Sleep | Phone | walk,"",""
2020-08-22,22. aug.,lørdag,20.40,swings,date | travel | cleaning | family | Phone,"",""
2020-08-21,21. aug.,fredag,20.00,swings,date | cleaning | cry,"",""
2020-08-20,20. aug.,torsdag,20.27,swings,relax | date | Sleep | cry | Phone | walk,"",""
2020-08-19,19. aug.,onsdag,21.43,swings,relax | date | shopping | good meal | cleaning,"",""
2020-08-18,18. aug.,tirsdag,20.00,fint,relax | friends | bike | Phone,"",""
2020-08-17,17. aug.,mandag,22.11,middel,relax | friends | date | good meal | bike | cry | walk,"",""
2020-08-16,16. aug.,søndag,21.53,fint,relax | travel | good meal | family | Phone,"",""
2020-08-15,15. aug.,lørdag,20.01,middel,relax | shopping | good meal | family | Phone | walk,"",""
2020-08-14,14. aug.,fredag,20.00,fint,relax | shopping | family,"",""
2020-08-13,13. aug.,torsdag,20.02,fint,relax | travel | family,"",""
2020-08-12,12. aug.,onsdag,20.32,fint,relax | friends | travel | bike,"",""
2020-08-11,11. aug.,tirsdag,06.49,fint,relax | friends | date | good meal | bike | games | Phone,"",""
2020-08-10,10. aug.,mandag,20.29,depressed,relax | cleaning | bike | walk,"",""
2020-08-09,9. aug.,søndag,20.00,depressed,relax | date | movies | good meal | cleaning | bike | Sleep | cry | Phone,"",""
2020-08-08,8. aug.,lørdag,20.00,fint,relax | friends | movies | good meal | family | walk,"",""
2020-08-07,7. aug.,fredag,20.19,fint,relax | good meal | family | bike | games | Phone | walk,"",""
2020-08-06,6. aug.,torsdag,20.59,fedt,relax | good meal | family | bike | games | Phone | walk,"",""
2020-08-05,5. aug.,onsdag,20.06,fint,relax | good meal | family | walk,"",""
2020-08-04,4. aug.,tirsdag,22.32,fint,relax | friends | date | movies | good meal | cleaning | walk,"",""
2020-08-03,3. aug.,mandag,09.11,fint,relax | movies | reading | travel | good meal | Sleep,"",""
2020-08-02,2. aug.,søndag,20.22,fint,relax | friends | good meal | family | walk,"",""
2020-08-01,1. aug.,lørdag,20.57,fedt,relax | date | good meal | family | games | walk,"",""
2020-07-31,31. jul.,fredag,20.15,fint,relax | date | shopping | good meal | walk,"",""
2020-07-30,30. jul.,torsdag,20.00,fint,relax | reading | travel | family,"",""
2020-07-29,29. jul.,onsdag,20.22,middel,relax | travel | family,"",""
2020-07-28,28. jul.,tirsdag,20.00,fint,relax | reading | good meal | family | games | walk,"",""
2020-07-27,27. jul.,mandag,00.18,fint,relax | party | reading | good meal | family,"",""
2020-07-26,26. jul.,søndag,20.22,depressed,relax | movies | reading | family | walk,"",""
2020-07-25,25. jul.,lørdag,20.00,fint,date | travel | family | Sleep | games,"",""
2020-07-24,24. jul.,fredag,20.28,fint,relax | date | movies | travel,"",""
2020-07-23,23. jul.,torsdag,21.02,fint,relax | movies | family | games | walk,"",""
2020-07-22,22. jul.,onsdag,10.57,fint,relax | travel | good meal | family | games,"",""
2020-07-21,21. jul.,tirsdag,00.03,fint,relax | friends | shopping | good meal | family | drawing | Phone,"",""
2020-07-20,20. jul.,mandag,20.04,fint,relax | family | Sleep | drawing,"",""
2020-07-19,19. jul.,søndag,20.00,fint,relax | date | movies | good meal | family | Sleep | Phone,"",""
2020-07-18,18. jul.,lørdag,20.50,fint,relax | friends | movies | family | Sleep | drawing,"",""
2020-07-17,17. jul.,fredag,21.34,fint,relax | movies | shopping | good meal | family | drawing,"",""
2020-07-16,16. jul.,torsdag,20.00,fint,relax | date | movies | good meal | family | drawing,"",""
2020-07-15,15. jul.,onsdag,20.00,fint,relax | friends | party | good meal | family | Sleep | Phone,"",""
2020-07-14,14. jul.,tirsdag,20.58,depressed,relax | movies | shopping | Sleep | cry | Phone | walk,"",""
2020-07-13,13. jul.,mandag,22.52,fint,relax | friends | shopping | family | Sleep | walk,"",""
2020-07-12,12. jul.,søndag,20.00,fint,relax | travel | family | Phone,"",""
2020-07-11,11. jul.,lørdag,20.00,fint,travel | cleaning | family | walk,"",""
2020-07-10,10. jul.,fredag,00.10,fint,relax | good meal | family | Sleep | drawing,"",""
2020-07-09,9. jul.,torsdag,20.05,fint,relax | travel | family | games | walk,"",""
2020-07-08,8. jul.,onsdag,20.06,fint,relax | travel | good meal | family,"",""
2020-07-07,7. jul.,tirsdag,10.16,fint,relax | travel | good meal | family | games | Phone | walk,"",""
2020-07-06,6. jul.,mandag,21.10,fint,relax | travel | good meal | family | Phone,"",""
2020-07-05,5. jul.,søndag,22.56,swings,relax | family | Sleep | Phone,"",""
2020-07-04,4. jul.,lørdag,17.33,depressed,relax | shopping | family | Sleep,"",""
2020-07-03,3. jul.,fredag,22.55,fint,relax | movies | shopping | family | Sleep | Phone,"",""
2020-07-02,2. jul.,torsdag,20.00,fint,relax | date | travel | good meal | family,"",""
2020-07-01,1. jul.,onsdag,21.22,fint,travel | cleaning | family | Phone,"",""
2020-06-30,30. jun.,tirsdag,20.00,fint,relax | friends | Phone,"",""
2020-06-29,29. jun.,mandag,20.00,fint,relax | friends | party | movies | Phone,"",""
2020-06-28,28. jun.,søndag,20.21,fint,relax | friends | date | party,"",""
2020-06-27,27. jun.,lørdag,10.55,fint,relax | date | good meal | Phone,"",""
2020-06-26,26. jun.,fredag,21.03,fint,relax | friends | cleaning | Phone,"",""
2020-06-25,25. jun.,torsdag,11.46,swings,relax | friends | date | good meal | bike,"",""
2020-06-24,24. jun.,onsdag,09.20,fint,relax | date | movies | shopping | good meal,"",""
2020-06-23,23. jun.,tirsdag,12.58,swings,relax | date | games,"",""
2020-06-22,22. jun.,mandag,12.29,depressed,relax | Sleep | drawing,"",""
2020-06-21,21. jun.,søndag,20.21,fint,relax | friends | travel | cleaning | family,"",""
2020-06-20,20. jun.,lørdag,23.46,fint,relax | friends | party | family,"",""
2020-06-19,19. jun.,fredag,23.48,fint,relax | friends | travel | family,"",""
2020-06-18,18. jun.,torsdag,23.47,fint,relax | movies | family,"",""
2020-06-17,17. jun.,onsdag,21.26,fint,relax | Sleep | games,"",""
2020-06-16,16. jun.,tirsdag,08.28,fedt,travel | family,"",""
2020-06-15,15. jun.,mandag,20.05,fint,relax | good meal | family | drawing,"",""
2020-06-14,14. jun.,søndag,23.00,fint,relax | friends | travel | cleaning | games | Phone,"",""
2020-06-13,13. jun.,lørdag,21.42,swings,relax | date | movies | Phone,"",""
2020-06-12,12. jun.,fredag,12.25,fint,relax | friends | party | Phone,"",""
2020-06-11,11. jun.,torsdag,20.11,fint,relax | friends | date | Phone,"",""
2020-06-10,10. jun.,onsdag,20.11,depressed,relax | Phone,"",""
2020-06-09,9. jun.,tirsdag,16.26,fint,study | relax | friends | date | travel,"",""
2020-06-08,8. jun.,mandag,10.38,fint,study | Phone,"",""
2020-06-07,7. jun.,søndag,08.36,fint,study | relax | good meal | Sleep | Phone,"",""
2020-06-06,6. jun.,lørdag,08.57,fint,study | travel | family | games | Phone,"",""
2020-06-05,5. jun.,fredag,22.08,middel,travel | good meal | family | Phone,"",""
2020-06-04,4. jun.,torsdag,11.29,fedt,study | shopping | family | drawing | Phone,"",""
2020-06-03,3. jun.,onsdag,22.48,middel,study | movies | family | Phone,"",""
2020-06-02,2. jun.,tirsdag,22.56,fint,study | travel | good meal | family | Phone,"",""
2020-06-01,1. jun.,mandag,21.40,fint,study | good meal | family | Phone,"",""
2020-05-31,31. maj,søndag,22.30,fint,study | good meal | family | Phone,"",""
2020-05-30,30. maj,lørdag,22.30,fint,study | reading | good meal | family | Phone,"",""
2020-05-29,29. maj,fredag,00.20,fint,study | relax | good meal | family | Sleep | Phone,"",""
2020-05-28,28. maj,torsdag,10.30,middel,study | relax | good meal | family | Phone,"",""
2020-05-27,27. maj,onsdag,20.09,depressed,study | relax | family | Sleep | Phone,"",""
2020-05-26,26. maj,tirsdag,22.50,fint,relax | reading | good meal | Sleep | Phone | Clean,"",""
2020-05-25,25. maj,mandag,22.17,fint,relax | date | Phone | walk,"",""
2020-05-24,24. maj,søndag,08.03,fint,study | relax | date | reading | travel | Phone,"",""
2020-05-23,23. maj,lørdag,20.17,fint,study | good meal | Phone,"",""
2020-05-22,22. maj,fredag,22.08,fint,study | relax | good meal | family | Phone,"",""
2020-05-21,21. maj,torsdag,09.57,swings,study | good meal | family | Sleep | Phone,"",""
2020-05-20,20. maj,onsdag,22.30,depressed,study | good meal | Sleep | Phone | walk,"",""
2020-05-19,19. maj,tirsdag,21.48,depressed,study | Phone,"",""
2020-05-18,18. maj,mandag,20.00,sick,family | Sleep | Phone,"",""
2020-05-17,17. maj,søndag,20.00,fint,relax | movies | good meal | family | Phone,"",""
2020-05-16,16. maj,lørdag,14.06,depressed,relax | travel | good meal | family,"",""
2020-05-15,15. maj,fredag,23.20,fint,study | relax | date | movies | good meal | Phone,"",""
2020-05-14,14. maj,torsdag,22.12,depressed,relax | date | movies | reading | travel | Phone,"",""
2020-05-13,13. maj,onsdag,08.06,swings,study | relax | date | movies | good meal | drawing | Phone,"",""
2020-05-12,12. maj,tirsdag,21.36,fint,relax | date | movies | reading | good meal | Phone,"",""
2020-05-11,11. maj,mandag,09.09,fint,relax | date | movies | reading | Phone | walk,"",""
2020-05-10,10. maj,søndag,22.09,fint,relax | date | family | Phone | walk,"",""
2020-05-09,9. maj,lørdag,22.26,fint,date | reading | good meal | family | games | Phone | walk,"",""
2020-05-08,8. maj,fredag,21.01,middel,relax | travel | good meal | family | cry | Phone,"",""
2020-05-07,7. maj,torsdag,09.24,middel,study | relax | good meal | family | cry,"",""
2020-05-06,6. maj,onsdag,11.18,depressed,study | good meal | family | games | cry | Phone,"",""
2020-05-05,5. maj,tirsdag,20.12,depressed,relax | movies | family | cry | Phone | Clean,"",""
2020-05-04,4. maj,mandag,21.25,depressed,carlo time | cry,"","Carlo døde"
2020-05-03,3. maj,søndag,20.54,depressed,movies | carlo time,"",""
2020-05-03,3. maj,søndag,15.59,depressed,relax | carlo time | Sleep | cry,"",""
2020-05-03,3. maj,søndag,13.59,fint,study | friends | games | Phone,"",""
2020-05-02,2. maj,lørdag,18.01,middel,relax | date | good meal | Phone | walk,"",""
2020-05-01,1. maj,fredag,18.00,swings,study | relax | date | movies | good meal | Phone,"",""
2020-04-30,30. apr.,torsdag,20.00,fint,study | relax | Sleep | Phone | Clean | walk,"",""
2020-04-29,29. apr.,onsdag,21.06,fint,study | date | carlo time | Phone | Clean | walk,"",""
2020-04-28,28. apr.,tirsdag,20.58,swings,study | relax | date | movies | good meal | adbad | Phone | walk,"",""
2020-04-27,27. apr.,mandag,07.44,fint,study | relax | date | good meal | carlo time | Phone,"",""
2020-04-26,26. apr.,søndag,20.52,swings,relax | movies | carlo time | adbad | walk,"",""
2020-04-25,25. apr.,lørdag,21.07,depressed,relax | Sleep | Phone | Clean,"",""
2020-04-24,24. apr.,fredag,20.00,fint,study | relax | carlo time | drawing | Clean | walk,"",""
2020-04-23,23. apr.,torsdag,21.35,fint,relax | date | gaming | good meal | Phone | walk,"",""
2020-04-22,22. apr.,onsdag,12.13,swings,study | carlo time | Sleep | Phone | Clean | walk,"",""
2020-04-21,21. apr.,tirsdag,20.00,swings,relax | date | sport | movies | carlo time | Sleep | Phone | Clean | walk,"",""
2020-04-20,20. apr.,mandag,20.50,depressed,study | relax | carlo time | Sleep | adbad | Phone,"",""
2020-04-19,19. apr.,søndag,12.46,fint,relax | date | movies | cleaning | carlo time | Sleep | walk,"",""
2020-04-18,18. apr.,lørdag,11.58,fint,relax | friends | party | movies | good meal | carlo time | family | Sleep | Phone,"",""
2020-04-17,17. apr.,fredag,22.35,fint,study | relax | movies | good meal | carlo time | family | Sleep | Phone,"",""
2020-04-16,16. apr.,torsdag,21.22,depressed,study | relax | good meal | carlo time | family | Sleep,"",""
2020-04-15,15. apr.,onsdag,20.01,swings,study | relax | carlo time | family | Phone,"",""
2020-04-14,14. apr.,tirsdag,20.00,depressed,study | carlo time | family | Sleep | Phone,"",""
2020-04-13,13. apr.,mandag,21.49,middel,relax | good meal | carlo time | family | Sleep | games | Phone,"",""
2020-04-12,12. apr.,søndag,23.35,middel,relax | good meal | carlo time | family | Sleep | Phone,"",""
2020-04-11,11. apr.,lørdag,11.04,middel,relax | good meal | carlo time | family | games,"",""
2020-04-10,10. apr.,fredag,21.44,swings,relax | date | movies | good meal | family,"",""
2020-04-09,9. apr.,torsdag,20.00,fint,relax | date | movies | good meal | Phone,"",""
2020-04-08,8. apr.,onsdag,20.00,fint,date | movies | Sleep | Phone,"",""
2020-04-07,7. apr.,tirsdag,20.00,fint,relax | movies | games | Phone | Clean,"",""
2020-04-06,6. apr.,mandag,22.36,fint,relax | date | games | Phone | Clean,"",""
2020-04-05,5. apr.,søndag,23.13,fint,relax | date | movies | gaming | cry | Phone | Clean,"",""
2020-04-04,4. apr.,lørdag,09.29,swings,date | movies | Phone,"",""
2020-04-03,3. apr.,fredag,09.30,fedt,friends | date | carlo time | games | Phone | Clean,"",""
2020-04-02,2. apr.,torsdag,20.00,fint,relax | movies | cleaning | carlo time | family | Phone | Clean,"",""
2020-04-01,1. apr.,onsdag,20.00,swings,study | movies | carlo time | family | Phone,"",""
2019-11-20,20. nov.,onsdag,20.00,middel,travel | good meal | Sleep,"",""
2019-11-19,19. nov.,tirsdag,20.00,fint,friends | travel,"",""
2019-11-18,18. nov.,mandag,20.00,depressed,,"",""
2019-11-17,17. nov.,søndag,20.00,fint,movies | travel | good meal | family,"",""
2019-11-16,16. nov.,lørdag,20.34,fint,study | movies | carlo time | family,"",""
2019-11-15,15. nov.,fredag,20.35,middel,study | date | party | bike,"",""
2019-11-14,14. nov.,torsdag,20.36,depressed,,"",""
2019-11-13,13. nov.,onsdag,22.46,middel,study | cleaning | carlo time | bike | Sleep | Phone,"",""
2019-11-12,12. nov.,tirsdag,20.21,depressed,study | carlo time | bike | Phone,"",""
2019-11-11,11. nov.,mandag,20.00,depressed,study | date | movies | good meal | bike | Phone,"",""
2019-11-05,5. nov.,tirsdag,20.00,depressed,study | movies | bike | Phone,"",""
2019-11-05,5. nov.,tirsdag,16.21,middel,study,"",""
2019-11-04,4. nov.,mandag,20.00,depressed,study | date | movies | good meal | carlo time | bike | Sleep | Phone,"",""
2019-11-03,3. nov.,søndag,20.00,swings,date | movies | good meal | cleaning | carlo time | Sleep | Phone,"",""
2019-11-02,2. nov.,lørdag,20.06,depressed,date | movies | carlo time | bike | Sleep,"",""
2019-11-01,1. nov.,fredag,23.00,middel,date | movies | carlo time | bike | Sleep | Phone,"",""
2019-10-30,30. okt.,onsdag,21.37,depressed,study | carlo time | bike | cry | Phone,"",""
2019-06-30,30. jun.,søndag,20.00,fint,party | good meal | carlo time | family,"",""
2019-06-26,26. jun.,onsdag,20.00,depressed,study | movies | family,"",""
2019-06-15,15. jun.,lørdag,12.05,middel,study | movies | carlo time | Phone,"",""
2019-06-14,14. jun.,fredag,12.04,fint,study | friends | party | Phone,"",""
2019-06-13,13. jun.,torsdag,12.04,depressed,study | movies | carlo time | Phone,"",""
2019-06-12,12. jun.,onsdag,21.32,fint,study | date | movies | good meal | bike | Phone,"",""
2019-06-11,11. jun.,tirsdag,20.54,fint,study | carlo time | Sleep | Phone | Clean,"",""
2019-06-10,10. jun.,mandag,20.00,fint,study | movies | Sleep | Phone | Clean,"",""
2019-06-09,9. jun.,søndag,20.00,fint,study | movies | Sleep | Phone | Clean,"",""
2019-06-08,8. jun.,lørdag,20.02,fint,study | movies | good meal | Sleep | Phone,"",""
2019-06-07,7. jun.,fredag,20.03,fint,date | good meal | family | Phone,"",""
2019-06-06,6. jun.,torsdag,09.14,fint,study | movies | good meal | carlo time | Phone,"",""
2019-06-05,5. jun.,onsdag,09.14,swings,relax | movies | carlo time | bike | Phone,"",""
2019-06-04,4. jun.,tirsdag,20.00,swings,study | friends | movies | shopping | carlo time | bike | adbad,"",""
2019-06-03,3. jun.,mandag,20.00,depressed,date | good meal | bike | Sleep,"",""
2019-06-02,2. jun.,søndag,20.01,fint,study | movies | reading | good meal | family,"",""
2019-06-01,1. jun.,lørdag,20.00,fint,reading | good meal | family | games,"",""
2019-05-31,31. maj,fredag,20.00,fint,study | date | carlo time | Phone | Clean,"",""
2019-05-30,30. maj,torsdag,20.00,fint,study | carlo time | Clean,"",""
2019-05-29,29. maj,onsdag,20.57,swings,study | good meal | carlo time | bike | Phone,"",""
2019-05-28,28. maj,tirsdag,22.11,depressed,study | carlo time | bike | cry | Phone | Clean,"",""
2019-05-27,27. maj,mandag,22.11,fint,study | date | good meal | bike | Phone,"",""
2019-05-26,26. maj,søndag,20.34,middel,study | carlo time | bike | Sleep | Phone,"",""
2019-05-25,25. maj,lørdag,20.33,fint,study | carlo time | Phone,"",""
2019-05-24,24. maj,fredag,20.33,depressed,study | good meal | carlo time | Phone,"",""
2019-05-23,23. maj,torsdag,20.10,fint,study | date | good meal | bike | Phone | Clean,"",""
2019-05-22,22. maj,onsdag,20.00,fint,study | carlo time | Phone | Clean,"",""
2019-05-21,21. maj,tirsdag,20.00,fint,study | carlo time | Phone | Clean,"",""
2019-05-20,20. maj,mandag,20.00,swings,study | good meal | cleaning | carlo time | Sleep | adbad,"",""
2019-05-19,19. maj,søndag,20.21,fint,date | movies | good meal | bike,"",""
2019-05-18,18. maj,lørdag,23.46,depressed,friends | movies | carlo time | bike | Sleep | Phone,"",""
2019-05-17,17. maj,fredag,23.43,fint,relax | good meal | family | bike | Phone,"",""
2019-05-16,16. maj,torsdag,23.44,swings,study | friends | bike | Phone,"",""
2019-05-15,15. maj,onsdag,20.04,swings,study | date | good meal | carlo time | bike | Phone,"",""
2019-05-14,14. maj,tirsdag,20.04,fint,study | friends | good meal | carlo time | bike | Phone,"",""
2019-05-13,13. maj,mandag,20.07,swings,date | movies | good meal | bike | Sleep,"",""
2019-05-12,12. maj,søndag,20.00,middel,movies | carlo time | cry | Phone,"",""
2019-05-11,11. maj,lørdag,20.00,swings,friends | movies | good meal | cleaning | carlo time | Sleep,"",""
2019-05-10,10. maj,fredag,07.58,fint,party | movies | bike,"",""
2019-05-09,9. maj,torsdag,21.58,fint,study | date | movies | good meal | bike,"",""
2019-05-08,8. maj,onsdag,20.00,middel,movies | carlo time | bike | Sleep | Phone,"",""
2019-05-07,7. maj,tirsdag,20.00,depressed,study | friends | movies | carlo time,"",""
2019-05-06,6. maj,mandag,20.00,swings,study | date | good meal | Sleep,"",""
2019-05-05,5. maj,søndag,20.00,depressed,movies | cry | drawing,"",""
2019-05-05,5. maj,søndag,12.24,depressed,study | carlo time | Phone,"",""
2019-05-04,4. maj,lørdag,20.00,fint,relax | date | movies | carlo time,"",""
2019-05-03,3. maj,fredag,20.00,fint,friends | date | party | movies,"",""
2019-05-02,2. maj,torsdag,20.00,fint,relax | movies | carlo time | family,"",""
2019-05-01,1. maj,onsdag,20.00,fint,study | good meal | carlo time,"",""
2019-03-13,13. mar.,onsdag,10.50,depressed,study | movies | bike | adbad,"",""
2019-03-12,12. mar.,tirsdag,10.50,fint,friends | date | bike | adbad,"",""
2019-03-11,11. mar.,mandag,18.53,middel,date | gaming | good meal | bike | adbad,"",""
2019-03-10,10. mar.,søndag,21.53,depressed,movies | cleaning | carlo time | bike | adbad | cry,"",""
2019-03-09,9. mar.,lørdag,21.46,fint,date | carlo time | bike,"",""
2019-03-08,8. mar.,fredag,21.46,depressed,date | party | bike,"",""
2019-03-07,7. mar.,torsdag,20.00,fint,study | carlo time | bike,"",""
2019-03-06,6. mar.,onsdag,20.00,depressed,study | shopping | bike,"",""
2019-03-05,5. mar.,tirsdag,20.00,swings,study | date | bike,"",""
2019-03-04,4. mar.,mandag,20.01,fint,study | date | movies | good meal | bike,"",""
2019-03-03,3. mar.,søndag,20.00,middel,study | good meal | family,"",""
2019-03-02,2. mar.,lørdag,20.00,fint,study | movies | good meal | family | Sleep,"",""
2019-03-01,1. mar.,fredag,20.00,fint,movies | family,"",""
2019-02-26,26. feb.,tirsdag,21.59,middel,study | shopping | carlo time | bike,"",""
2019-02-09,9. feb.,lørdag,20.01,middel,date | travel,"",""
2019-02-08,8. feb.,fredag,20.01,fint,date | party | good meal | cleaning | carlo time | bike | Sleep,"",""
2019-02-07,7. feb.,torsdag,22.30,depressed,study | movies | carlo time | bike | Sleep,"",""
2019-02-06,6. feb.,onsdag,22.29,middel,study | movies | carlo time | bike | Sleep | adbad,"",""
2019-02-05,5. feb.,tirsdag,19.29,depressed,study | date | carlo time | bike | Sleep | adbad | cry,"",""
2019-02-04,4. feb.,mandag,20.00,swings,study | date | good meal | bike,"",""
2019-02-03,3. feb.,søndag,21.41,middel,carlo time | adbad | drawing,"",""
2019-02-03,3. feb.,søndag,11.41,depressed,carlo time | Sleep,"",""
2019-02-02,2. feb.,lørdag,16.40,depressed,adbad | cry,"",""
2019-02-02,2. feb.,lørdag,11.38,swings,relax | date | carlo time | bike | Sleep,"",""
2019-02-01,1. feb.,fredag,11.37,middel,date | good meal | bike,"",""
2019-01-04,4. jan.,fredag,20.00,middel,study | carlo time | Sleep,"",""
2019-01-03,3. jan.,torsdag,20.00,swings,study,"",""
2019-01-02,2. jan.,onsdag,20.00,depressed,cleaning | carlo time | Sleep,"",""
2018-12-22,22. dec.,lørdag,20.00,fint,shopping | good meal | family,"",""
2018-12-20,20. dec.,torsdag,20.00,fint,relax | date | movies | carlo time,"",""
2018-12-18,18. dec.,tirsdag,20.00,fint,study | movies | carlo time | bike,"",""
2018-12-17,17. dec.,mandag,20.00,fint,study | good meal | carlo time | bike,"",""
2018-12-16,16. dec.,søndag,20.07,fint,study | date | good meal | carlo time | bike,"",""
2018-12-14,14. dec.,fredag,20.00,swings,study | carlo time | bike,"",""
2018-12-09,9. dec.,søndag,21.56,swings,date | movies | bike,"",""
2018-12-04,4. dec.,tirsdag,20.01,swings,date | movies | good meal | bike,"",""
2018-12-03,3. dec.,mandag,20.00,fint,friends | date | family | bike,"",""
2018-12-02,2. dec.,søndag,22.10,fint,study | movies | cleaning | family,"",""
2018-11-28,28. nov.,onsdag,20.03,stressed,study | good meal | bike | drawing,"",""
2018-11-27,27. nov.,tirsdag,20.04,stressed,study | date | movies | bike,"",""
2018-11-26,26. nov.,mandag,20.03,stressed,study | date | carlo time | bike,"",""
2018-11-25,25. nov.,søndag,20.00,stressed,study | date | good meal | bike,"",""
2018-11-24,24. nov.,lørdag,20.32,fint,date | movies | good meal | cleaning | carlo time | bike,"",""
2018-11-23,23. nov.,fredag,21.19,fint,study | friends | good meal | bike,"",""
2018-11-22,22. nov.,torsdag,20.00,depressed,study | carlo time | bike | cry,"",""
2018-11-21,21. nov.,onsdag,22.35,fint,study | friends | carlo time | bike | adbad | drawing,"",""
2018-11-14,14. nov.,onsdag,22.22,anxious,,"",""
2018-11-14,14. nov.,onsdag,22.21,middel,study | carlo time | bike,"",""
2018-11-13,13. nov.,tirsdag,22.21,middel,study | friends | date | good meal | bike,"",""
2018-11-12,12. nov.,mandag,22.25,swings,study | carlo time | bike | Sleep | adbad,"",""
2018-11-11,11. nov.,søndag,20.00,middel,cleaning | carlo time,"",""
2018-11-10,10. nov.,lørdag,19.28,depressed,relax | carlo time | bike | cry,"",""
2018-11-10,10. nov.,lørdag,13.28,fint,relax | date | movies,"",""
2018-11-09,9. nov.,fredag,19.27,middel,study | carlo time | bike,"",""
2018-11-08,8. nov.,torsdag,16.21,fint,study | movies | bike,"",""
2018-11-08,8. nov.,torsdag,09.20,depressed,carlo time | bike | Sleep,"",""
2018-11-07,7. nov.,onsdag,19.19,anxious,study | carlo time | bike | Sleep,"",""
2018-11-06,6. nov.,tirsdag,22.48,depressed,study | date | bike | Sleep,"",""
2018-11-05,5. nov.,mandag,18.08,depressed,study | relax | carlo time | bike | Sleep,"",""
2018-11-05,5. nov.,mandag,09.21,depressed,,"",""
2018-11-04,4. nov.,søndag,21.01,middel,study | relax | carlo time | family,"",""
2018-11-03,3. nov.,lørdag,20.02,depressed,relax | carlo time | family,"",""
2018-11-02,2. nov.,fredag,20.02,depressed,relax | carlo time | bike | adbad,"",""
2018-11-01,1. nov.,torsdag,20.00,middel,study | relax | movies | carlo time,"",""
2018-10-31,31. okt.,onsdag,21.20,depressed,movies | carlo time | bike,"",""
2018-10-31,31. okt.,onsdag,15.18,depressed,relax | bike | cry,"",""
2018-10-31,31. okt.,onsdag,12.17,middel,study | good meal | Sleep,"",""
2018-10-30,30. okt.,tirsdag,19.54,middel,date | movies | good meal | Sleep,"",""
2018-10-30,30. okt.,tirsdag,13.53,depressed,study | good meal,"",""
2018-10-30,30. okt.,tirsdag,08.53,depressed,study | carlo time,"",""
2018-10-29,29. okt.,mandag,10.02,depressed,carlo time | Sleep,"",""
2018-10-28,28. okt.,søndag,22.37,depressed,date | movies | carlo time | Sleep | adbad,"",""
2018-10-27,27. okt.,lørdag,22.38,middel,party,"",""
2018-10-27,27. okt.,lørdag,14.36,depressed,carlo time | bike | Sleep,"",""
2018-10-27,27. okt.,lørdag,11.36,swings,date | bike | Sleep,"",""
2018-10-26,26. okt.,fredag,18.34,fint,party | carlo time | bike,"",""
2018-10-26,26. okt.,fredag,08.40,depressed,bike | Sleep,"",""
2018-10-25,25. okt.,torsdag,22.38,depressed,study | good meal | carlo time | family,"",""
2018-10-24,24. okt.,onsdag,19.31,middel,movies | good meal | adbad,"",""
2018-10-24,24. okt.,onsdag,15.16,anxious,study | bike | Sleep,"",""
2018-10-24,24. okt.,onsdag,10.00,fint,study,"",""
2018-10-23,23. okt.,tirsdag,07.44,fint,study | date | movies | good meal | bike,"",""
2018-10-22,22. okt.,mandag,21.35,fint,relax | movies | good meal | carlo time | family | adbad,"",""
2018-10-21,21. okt.,søndag,22.51,fint,relax | movies | carlo time | family | Sleep,"",""
2018-10-20,20. okt.,lørdag,22.51,fint,travel | family,"",""
2018-10-19,19. okt.,fredag,20.00,fint,travel | good meal | family,"",""
2018-10-18,18. okt.,torsdag,20.00,fint,travel | good meal | family,"",""
2018-10-17,17. okt.,onsdag,20.00,fint,travel | good meal | family,"",""
2018-10-16,16. okt.,tirsdag,11.18,fint,travel | good meal | family,"",""
2018-10-15,15. okt.,mandag,19.11,fint,travel | good meal | family,"",""
2018-10-14,14. okt.,søndag,19.11,fint,travel | good meal | family,"",""
2018-10-13,13. okt.,lørdag,22.17,fint,travel | good meal | family,"",""
2018-10-12,12. okt.,fredag,23.38,fint,study | reading | travel | carlo time | adbad,"",""
2018-10-11,11. okt.,torsdag,22.02,middel,study | movies | carlo time | bike | adbad,"",""
2018-10-10,10. okt.,onsdag,10.30,swings,study | movies | carlo time | bike | adbad,"",""
2018-10-09,9. okt.,tirsdag,13.50,fint,study | date | movies | carlo time | bike,"",""
2018-10-08,8. okt.,mandag,13.50,middel,study | movies | carlo time | bike | adbad,"",""
2018-10-07,7. okt.,søndag,23.23,fint,study | friends | movies | carlo time | bike | adbad,"",""
2018-10-06,6. okt.,lørdag,23.27,fint,study | date | movies | bike,"",""
2018-10-05,5. okt.,fredag,13.26,fint,friends | party | cleaning | carlo time | bike,"",""
2018-10-04,4. okt.,torsdag,09.14,fint,study | friends | carlo time | bike | games,"",""
2018-10-03,3. okt.,onsdag,21.49,fint,study | movies | carlo time | bike,"",""
2018-10-02,2. okt.,tirsdag,23.34,fint,study | date | bike,"",""
2018-10-01,1. okt.,mandag,22.23,middel,study | movies | carlo time | bike | Sleep,"",""
2018-09-30,30. sep.,søndag,21.52,middel,study | cleaning | carlo time | Sleep,"",""
2018-09-29,29. sep.,lørdag,20.04,fint,movies | cleaning | carlo time | bike | Sleep,"","Ny medicin!"
2018-09-28,28. sep.,fredag,20.01,fint,date | party | movies | bike,"",""
2018-09-27,27. sep.,torsdag,20.00,depressed,study | relax | movies | carlo time | bike | Sleep,"","Angstanfald "
2018-09-26,26. sep.,onsdag,20.02,middel,study | relax | workout | bike | Sleep,"",""
2018-09-25,25. sep.,tirsdag,20.07,fint,study | date | movies | bike,"",""
2018-09-24,24. sep.,mandag,22.16,depressed,study | movies | carlo time | Sleep,"",""
2018-09-23,23. sep.,søndag,23.29,middel,relax | movies | carlo time,"",""
2018-09-22,22. sep.,lørdag,22.04,fint,relax | date | movies | carlo time | bike,"",""
2018-09-21,21. sep.,fredag,22.36,fint,study | friends | date | party | bike,"",""
2018-09-20,20. sep.,torsdag,23.05,depressed,study | movies | carlo time | bike,"",""
2018-09-19,19. sep.,onsdag,12.55,depressed,study | movies | carlo time | bike,"",""
2018-09-18,18. sep.,tirsdag,23.10,depressed,study | relax | movies | carlo time | bike | Sleep,"",""
2018-09-17,17. sep.,mandag,23.08,middel,study | relax | movies | reading | carlo time | bike | Sleep,"",""
2018-09-16,16. sep.,søndag,23.08,fint,relax | travel | carlo time | family,"",""
2018-09-15,15. sep.,lørdag,23.08,fint,friends | sport | party,"","Hyttetur"
2018-09-14,14. sep.,fredag,23.07,fint,friends | party,"","Hyttetur"
2018-09-13,13. sep.,torsdag,23.05,middel,friends | travel,"","Hyttetur"
2018-09-12,12. sep.,onsdag,23.06,middel,study | relax | carlo time | family | bike,"",""
2018-09-11,11. sep.,tirsdag,20.31,dårligt,study | carlo time | bike,"",""
2018-09-10,10. sep.,mandag,20.32,dårligt,study | carlo time | bike,"",""
2018-09-09,9. sep.,søndag,20.30,dårligt,study | reading | carlo time,"",""
2018-09-08,8. sep.,lørdag,23.46,depressed,relax | movies | carlo time | bike,"",""
2018-09-07,7. sep.,fredag,23.46,fint,study | friends | date | party | bike,"",""
2018-09-06,6. sep.,torsdag,23.47,fint,study | carlo time | bike,"",""
2018-09-05,5. sep.,onsdag,21.43,fint,study | carlo time | bike,"",""
2018-09-04,4. sep.,tirsdag,17.21,middel,study | relax | date | carlo time | bike,"",""
2018-09-03,3. sep.,mandag,20.33,fint,study | reading | carlo time | bike,"",""
2018-09-02,2. sep.,søndag,17.01,fint,study | carlo time | family,"",""
2018-09-01,1. sep.,lørdag,16.41,middel,relax | cleaning,"",""
2018-08-31,31. aug.,fredag,01.10,fint,friends | party,"",""
2018-08-30,30. aug.,torsdag,22.11,fint,relax | friends | date,"",""
2018-08-29,29. aug.,onsdag,02.55,fint,friends | party,"",""
2018-08-28,28. aug.,tirsdag,08.44,fint,friends | date,"",""
2018-08-27,27. aug.,mandag,23.47,fint,friends | sport | party,"",""
2018-08-26,26. aug.,søndag,20.00,fint,good meal | family,"",""
2018-08-25,25. aug.,lørdag,09.50,fint,movies | good meal | carlo time | family,"",""
2018-08-24,24. aug.,fredag,20.56,fint,relax | movies | good meal,"",""
2018-08-23,23. aug.,torsdag,20.57,fint,relax | date | cleaning,"",""
2018-08-22,22. aug.,onsdag,20.00,fint,relax | friends | cleaning | carlo time | workout,"",""
2018-08-21,21. aug.,tirsdag,23.36,fint,relax | date | good meal | workout,"",""
2018-08-20,20. aug.,mandag,21.00,fint,cleaning | carlo time | workout,"",""
2018-08-19,19. aug.,søndag,22.32,fint,friends | good meal,"",""
